system,epsilon,comm_mb,auc_roc,auc_pr,mcc,fraud_rate_test,n_test,round,epsilon_so_far
Centralized,,,0.9741152108433735,0.13948200269657937,0.2720570529057251,0.004,12000,,
Local-only (avg),,,0.9590721828285365,0.12859029343597517,0.19183944695560515,0.004,12000,,
FL (no DP),,0.5681991577148438,0.9732088074520303,0.1375656865987755,0.26036620131436344,0.004,12000,15.0,
FL+DP (noise=0.4),17.580830457025364,0.5681991577148438,0.7184083556448014,0.030293577562208383,0.0,0.004,12000,15.0,17.580830457025364
FL+DP (noise=0.8),2.975359503334652,0.5681991577148438,0.7199074074074074,0.03018139717999137,0.0,0.004,12000,15.0,2.975359503334652
FL+DP (noise=1.2),1.0791920389537484,0.5681991577148438,0.7169005884649708,0.0288034500475347,0.0,0.004,12000,15.0,1.0791920389537484
FL+DP (noise=2.0),0.37128077868466425,0.5681991577148438,0.7044026801651049,0.024519292462202823,0.0,0.004,12000,15.0,0.37128077868466425
